"","Miles.per.gallon","Cylinders","Displacement","Horsepower","Weight","Acceleration","Model.year","Origin","Car.name","Index","Miles.per.gallon_z","Displacement_z","Horsepower_z","Weight_z","Acceleration_z","Cylinders_z"
"1",18,8,307,130,3504,12,70,1,"chevrolet chevelle malibu",1,-0.705550656678751,1.06955598527695,0.642720780097678,0.619343006176837,-1.25553119100522,1.47452988340145
"2",15,8,350,165,3693,11.5,70,1,"buick skylark 320",2,-1.08937947209447,1.47938244821089,1.545509073603,0.842482361784228,-1.43388866600456,1.47452988340145
"3",18,8,318,150,3436,11,70,1,"plymouth satellite",3,-0.705550656678751,1.17439531300424,1.15859980495786,0.539060063418622,-1.6122461410039,1.47452988340145
"4",16,8,304,150,3433,12,70,1,"amc rebel sst",4,-0.961436533622567,1.04096344135132,1.15859980495786,0.535518168885171,-1.25553119100522,1.47452988340145
"5",17,8,302,140,3449,10.5,70,1,"ford torino",5,-0.833493595150659,1.02190174540091,0.900660292527769,0.554408273063575,-1.79060361600324,1.47452988340145
"6",15,8,429,198,4341,10,70,1,"ford galaxie 500",6,-1.08937947209447,2.23231943825233,2.39670946462229,1.60753158100957,-1.96896109100259,1.47452988340145
"7",14,8,454,220,4354,9,70,1,"chevrolet impala",7,-1.21732241056638,2.47059063763253,2.96417639196849,1.62287979065452,-2.32567604100127,1.47452988340145
"8",14,8,440,215,4312,8.5,70,1,"plymouth fury iii",8,-1.21732241056638,2.33715876597962,2.83520663575345,1.57329326718621,-2.50403351600061,1.47452988340145
"9",14,8,455,225,4425,10,70,1,"pontiac catalina",9,-1.21732241056638,2.48012148560774,3.09314614818354,1.70670462794619,-1.96896109100259,1.47452988340145
"10",15,8,390,190,3850,8.5,70,1,"amc ambassador dpl",10,-1.08937947209447,1.86061636721922,2.19035785467822,1.02784150903481,-2.50403351600061,1.47452988340145
"11",NA,4,133,115,3090,17.5,70,2,"citroen ds-21 pallas",11,NA,-0.58881156240925,0.255811511452542,0.130561560560646,0.706401033987541,-0.861700878202408
"12",NA,8,350,165,4142,11.5,70,1,"chevrolet chevelle concours (sw)",12,NA,1.47938244821089,1.545509073603,1.37258591029068,-1.43388866600456,1.47452988340145
"13",NA,8,351,153,4034,11,70,1,"ford torino (sw)",13,NA,1.4889132961861,1.23598165868689,1.24507770708645,-1.6122461410039,1.47452988340145
"14",NA,8,383,175,4166,10.5,70,1,"plymouth satellite (sw)",14,NA,1.79390043139276,1.80344858603309,1.40092106655828,-1.79060361600324,1.47452988340145
"15",NA,8,360,175,3850,11,70,1,"amc rebel sst (sw)",15,NA,1.57469092796297,1.80344858603309,1.02784150903481,-1.6122461410039,1.47452988340145
"16",15,8,383,170,3563,10,70,1,"dodge challenger se",16,-1.08937947209447,1.79390043139276,1.67447882981804,0.689000265334699,-1.96896109100259,1.47452988340145
"17",14,8,340,160,3609,8,70,1,"plymouth 'cuda 340",17,-1.21732241056638,1.38407396845881,1.41653931738795,0.743309314847609,-2.68239099099995,1.47452988340145
"18",NA,8,302,140,3353,8,70,1,"ford mustang boss 302",18,NA,1.02190174540091,0.900660292527769,0.441067647993154,-2.68239099099995,1.47452988340145
"19",15,8,400,150,3761,9.5,70,1,"chevrolet monte carlo",19,-1.08937947209447,1.9559248469713,1.15859980495786,0.922765304542443,-2.14731856600193,1.47452988340145
"20",14,8,455,225,3086,10,70,1,"buick estate wagon (sw)",20,-1.21732241056638,2.48012148560774,3.09314614818354,0.125839034516046,-1.96896109100259,1.47452988340145
"21",24,4,113,95,2372,15,70,3,"toyota corona mark ii",21,0.062106974152695,-0.779428521913411,-0.260067513407639,-0.71713186444521,-0.185386341009168,-0.861700878202408
"22",22,6,198,95,2833,15.5,70,1,"plymouth duster",22,-0.193778902791121,0.0306935559792723,-0.260067513407639,-0.17286073780496,-0.00702886600982643,0.30641450259952
"23",18,6,199,97,2774,15.5,70,1,"amc hornet",23,-0.705550656678751,0.0402244039544804,-0.208479610921621,-0.242517996962822,-0.00702886600982643,0.30641450259952
"24",21,6,200,85,2587,16,70,1,"ford maverick",24,-0.321721841263028,0.0497552519296884,-0.518007025837729,-0.463296089547913,0.171328608989515,0.30641450259952
"25",27,4,97,88,2130,14.5,70,3,"datsun pl510",25,0.445935789568418,-0.93192208951674,-0.440625172108702,-1.00284469014356,-0.36374381600851,-0.861700878202408
"26",26,4,97,46,1835,20.5,70,2,"volkswagen 1131 deluxe sedan",26,0.31799285109651,-0.93192208951674,-1.52397112431508,-1.35113098593288,1.77654588398359,-0.861700878202408
"27",25,4,110,87,2672,17.5,70,2,"peugeot 504",27,0.190049912624603,-0.808021065839035,-0.466419123351711,-0.362942411100145,0.706401033987541,-0.861700878202408
"28",24,4,107,90,2430,14.5,70,2,"audi 100 ls",28,0.062106974152695,-0.836613609764659,-0.389037269622684,-0.648655236798497,-0.36374381600851,-0.861700878202408
"29",25,4,104,95,2375,17.5,70,2,"saab 99e",29,0.190049912624603,-0.865206153690283,-0.260067513407639,-0.713589969911759,0.706401033987541,-0.861700878202408
"30",26,4,121,113,2234,12.5,70,2,"bmw 2002",30,0.31799285109651,-0.703181738111747,0.204223608966524,-0.88005901298394,-1.07717371600588,-0.861700878202408
"31",21,6,199,90,2648,15,70,1,"amc gremlin",31,-0.321721841263028,0.0402244039544804,-0.389037269622684,-0.39127756736775,-0.185386341009168,0.30641450259952
"32",10,8,360,215,4615,14,70,1,"ford f250",32,-1.72909416445401,1.57469092796297,2.83520663575345,1.93102461506473,-0.542101291007852,1.47452988340145
"33",10,8,307,200,4376,15,70,1,"chevy c20",33,-1.72909416445401,1.06955598527695,2.44829736710831,1.64885368389983,-0.185386341009168,1.47452988340145
"34",11,8,318,210,4382,13.5,70,1,"dodge d200",34,-1.60115122598211,1.17439531300424,2.7062368795384,1.65593747296673,-0.720458766007193,1.47452988340145
"35",9,8,304,193,4732,18.5,70,1,"hi 1200d",35,-1.85703710292592,1.04096344135132,2.26773970840725,2.0691585018693,1.06311598398622,1.47452988340145
"36",27,4,97,88,2130,14.5,71,3,"datsun pl510",36,0.445935789568418,-0.93192208951674,-0.440625172108702,-1.00284469014356,-0.36374381600851,-0.861700878202408
"37",28,4,140,90,2264,15.5,71,1,"chevrolet vega 2300",37,0.573878728040326,-0.522095626582794,-0.389037269622684,-0.844640067649434,-0.00702886600982643,-0.861700878202408
"38",25,4,113,95,2228,14,71,3,"toyota corona",38,0.190049912624603,-0.779428521913411,-0.260067513407639,-0.887142802050841,-0.542101291007852,-0.861700878202408
"39",25,4,98,NA,2046,19,71,1,"ford pinto",39,0.190049912624603,-0.922391241541532,NA,-1.10201773708018,1.24147345898557,-0.861700878202408
"40",NA,4,97,48,1978,20,71,2,"volkswagen super beetle 117",40,NA,-0.93192208951674,-1.47238322182906,-1.1823006798384,1.59818840898425,-0.861700878202408
"41",19,6,232,100,2634,13,71,1,"amc gremlin",41,-0.577607718206844,0.354742387136346,-0.131097757192593,-0.407806408523853,-0.898816241006535,0.30641450259952
"42",16,6,225,105,3439,15.5,71,1,"plymouth satellite custom",42,-0.961436533622567,0.288026451309889,-0.00212800097754814,0.542601957952072,-0.00702886600982643,0.30641450259952
"43",17,6,250,100,3329,15.5,71,1,"chevrolet chevelle malibu",43,-0.833493595150659,0.52629765069009,-0.131097757192593,0.412732491725548,-0.00702886600982643,0.30641450259952
"44",19,6,250,88,3302,15.5,71,1,"ford torino 500",44,-0.577607718206844,0.52629765069009,-0.440625172108702,0.380855440924493,-0.00702886600982643,0.30641450259952
"45",18,6,232,100,3288,15.5,71,1,"amc matador",45,-0.705550656678751,0.354742387136346,-0.131097757192593,0.36432659976839,-0.00702886600982643,0.30641450259952
"46",14,8,350,165,4209,12,71,1,"chevrolet impala",46,-1.21732241056638,1.47938244821089,1.545509073603,1.45168822153774,-1.25553119100522,1.47452988340145
"47",14,8,400,175,4464,11.5,71,1,"pontiac catalina brougham",47,-1.21732241056638,1.9559248469713,1.80344858603309,1.75274925688105,-1.43388866600456,1.47452988340145
"48",14,8,351,153,4154,13.5,71,1,"ford galaxie 500",48,-1.21732241056638,1.4889132961861,1.23598165868689,1.38675348842448,-0.720458766007193,1.47452988340145
"49",14,8,318,150,4096,13,71,1,"plymouth fury iii",49,-1.21732241056638,1.17439531300424,1.15859980495786,1.31827686077777,-0.898816241006535,1.47452988340145
"50",12,8,383,180,4955,11.5,71,1,"dodge monaco (sw)",50,-1.4732082875102,1.79390043139276,1.93241834224813,2.3324393288558,-1.43388866600456,1.47452988340145
"51",13,8,400,170,4746,12,71,1,"ford country squire (sw)",51,-1.34526534903829,1.9559248469713,1.67447882981804,2.08568734302541,-1.25553119100522,1.47452988340145
"52",13,8,400,175,5140,12,71,1,"pontiac safari (sw)",52,-1.34526534903829,1.9559248469713,1.80344858603309,2.55085615841859,-1.25553119100522,1.47452988340145
"53",18,6,258,110,2962,13.5,71,1,"amc hornet sportabout (sw)",53,-0.705550656678751,0.602544434491755,0.126841755237497,-0.0205592728665815,-0.720458766007193,0.30641450259952
"54",22,4,140,72,2408,19,71,1,"chevrolet vega (sw)",54,-0.193778902791121,-0.522095626582794,-0.853328391996847,-0.674629130043802,1.24147345898557,-0.861700878202408
"55",19,6,250,100,3282,15,71,1,"pontiac firebird",55,-0.577607718206844,0.52629765069009,-0.131097757192593,0.357242810701488,-0.185386341009168,0.30641450259952
"56",18,6,250,88,3139,14.5,71,1,"ford mustang",56,-0.705550656678751,0.52629765069009,-0.440625172108702,0.188412504607007,-0.36374381600851,0.30641450259952
"57",23,4,122,86,2220,14,71,1,"mercury capri 2000",57,-0.0658359643192128,-0.693650890136539,-0.49221307459472,-0.896587854140043,-0.542101291007852,-0.861700878202408
"58",28,4,116,90,2123,14,71,2,"opel 1900",58,0.573878728040326,-0.750835977987787,-0.389037269622684,-1.01110911072161,-0.542101291007852,-0.861700878202408
"59",30,4,79,70,2074,19.5,71,2,"peugeot 304",59,0.829764604984142,-1.10347735307048,-0.904916294482865,-1.06896005476797,1.41983093398491,-0.861700878202408
"60",30,4,88,76,2065,14.5,71,2,"fiat 124b",60,0.829764604984142,-1.01769972129361,-0.750152587024811,-1.07958573836833,-0.36374381600851,-0.861700878202408
"61",31,4,71,65,1773,19,71,3,"toyota corolla 1200",61,0.957707543456049,-1.17972413687215,-1.03388605069791,-1.42433013962419,1.24147345898557,-0.861700878202408
"62",35,4,72,69,1613,18,71,3,"datsun 1200",62,1.46947929734368,-1.17019328889694,-0.930710245725874,-1.61323118140823,0.884758508986882,-0.861700878202408
"63",27,4,97,60,1834,19,71,2,"volkswagen model 111",63,0.445935789568418,-0.93192208951674,-1.16285580691296,-1.35231161744403,1.24147345898557,-0.861700878202408
"64",26,4,91,70,1955,20.5,71,1,"plymouth cricket",64,0.31799285109651,-0.989107177367988,-0.904916294482865,-1.20945520459485,1.77654588398359,-0.861700878202408
"65",24,4,113,95,2278,15.5,72,3,"toyota corona hardtop",65,0.062106974152695,-0.779428521913411,-0.260067513407639,-0.82811122649333,-0.00702886600982643,-0.861700878202408
"66",25,4,97.5,80,2126,17,72,1,"dodge colt hardtop",66,0.190049912624603,-0.927156665529136,-0.646976782052775,-1.00756721618816,0.528043558988199,-0.861700878202408
"67",23,4,97,54,2254,23.5,72,2,"volkswagen type 3",67,-0.0658359643192128,-0.93192208951674,-1.31761951437101,-0.856446382760936,2.84669073397964,-0.861700878202408
"68",20,4,140,90,2408,19.5,72,1,"chevrolet vega",68,-0.449664779734936,-0.522095626582794,-0.389037269622684,-0.674629130043802,1.41983093398491,-0.861700878202408
"69",21,4,122,86,2226,16.5,72,1,"ford pinto runabout",69,-0.321721841263028,-0.693650890136539,-0.49221307459472,-0.889504065073142,0.349686083988857,-0.861700878202408
"70",13,8,350,165,4274,12,72,1,"chevrolet impala",70,-1.34526534903829,1.47938244821089,1.545509073603,1.5284292697625,-1.25553119100522,1.47452988340145
"71",14,8,400,175,4385,12,72,1,"pontiac catalina",71,-1.21732241056638,1.9559248469713,1.80344858603309,1.65947936750018,-1.25553119100522,1.47452988340145
"72",15,8,318,150,4135,13.5,72,1,"plymouth fury iii",72,-1.08937947209447,1.17439531300424,1.15859980495786,1.36432148971262,-0.720458766007193,1.47452988340145
"73",14,8,351,153,4129,13,72,1,"ford galaxie 500",73,-1.21732241056638,1.4889132961861,1.23598165868689,1.35723770064572,-0.898816241006535,1.47452988340145
"74",17,8,304,150,3672,11.5,72,1,"amc ambassador sst",74,-0.833493595150659,1.04096344135132,1.15859980495786,0.817689100050073,-1.43388866600456,1.47452988340145
"75",11,8,429,208,4633,11,72,1,"mercury marquis",75,-1.60115122598211,2.23231943825233,2.65464897705239,1.95227598226543,-1.6122461410039,1.47452988340145
"76",13,8,350,155,4502,13.5,72,1,"buick lesabre custom",76,-1.34526534903829,1.47938244821089,1.2875695611729,1.79761325430475,-0.720458766007193,1.47452988340145
"77",12,8,350,160,4456,13.5,72,1,"oldsmobile delta 88 royale",77,-1.4732082875102,1.47938244821089,1.41653931738795,1.74330420479184,-0.720458766007193,1.47452988340145
"78",13,8,400,190,4422,12.5,72,1,"chrysler newport royal",78,-1.34526534903829,1.9559248469713,2.19035785467822,1.70316273341274,-1.07717371600588,1.47452988340145
"79",19,3,70,97,2330,13.5,72,3,"mazda rx2 coupe",79,-0.577607718206844,-1.18925498484736,-0.208479610921621,-0.766718387913519,-0.720458766007193,-1.44575856860337
"80",15,8,304,150,3892,12.5,72,1,"amc matador (sw)",80,-1.08937947209447,1.04096344135132,1.15859980495786,1.07742803250312,-1.07717371600588,1.47452988340145
"81",13,8,307,130,4098,14,72,1,"chevrolet chevelle concours (sw)",81,-1.34526534903829,1.06955598527695,0.642720780097678,1.32063812380007,-0.542101291007852,1.47452988340145
"82",13,8,302,140,4294,16,72,1,"ford gran torino (sw)",82,-1.34526534903829,1.02190174540091,0.900660292527769,1.55204189998551,0.171328608989515,1.47452988340145
"83",14,8,318,150,4077,14,72,1,"plymouth satellite custom (sw)",83,-1.21732241056638,1.17439531300424,1.15859980495786,1.29584486206591,-0.542101291007852,1.47452988340145
"84",18,4,121,112,2933,14.5,72,2,"volvo 145e (sw)",84,-0.705550656678751,-0.703181738111747,0.178429657723515,-0.0547975866899378,-0.36374381600851,-0.861700878202408
"85",22,4,121,76,2511,18,72,2,"volkswagen 411 (sw)",85,-0.193778902791121,-0.703181738111747,-0.750152587024811,-0.55302408439533,0.884758508986882,-0.861700878202408
"86",21,4,120,87,2979,19.5,72,2,"peugeot 504 (sw)",86,-0.321721841263028,-0.712712586086955,-0.466419123351711,-0.000488537177027787,1.41983093398491,-0.861700878202408
"87",26,4,96,69,2189,18,72,2,"renault 12 (sw)",87,0.31799285109651,-0.941452937491948,-0.930710245725874,-0.9331874309857,0.884758508986882,-0.861700878202408
"88",22,4,122,86,2395,16,72,1,"ford pinto (sw)",88,-0.193778902791121,-0.693650890136539,-0.49221307459472,-0.689977339688755,0.171328608989515,-0.861700878202408
"89",28,4,97,92,2288,17,72,3,"datsun 510 (sw)",89,0.573878728040326,-0.93192208951674,-0.337449367136666,-0.816304911381828,0.528043558988199,-0.861700878202408
"90",23,4,120,97,2506,14.5,72,3,"toyouta corona mark ii (sw)",90,-0.0658359643192128,-0.712712586086955,-0.208479610921621,-0.558927241951081,-0.36374381600851,-0.861700878202408
"91",28,4,98,80,2164,15,72,1,"dodge colt (sw)",91,0.573878728040326,-0.922391241541532,-0.646976782052775,-0.962703218764455,-0.185386341009168,-0.861700878202408
"92",27,4,97,88,2100,16.5,72,3,"toyota corolla 1600 (sw)",92,0.445935789568418,-0.93192208951674,-0.440625172108702,-1.03826363547807,0.349686083988857,-0.861700878202408
"93",13,8,350,175,4100,13,73,1,"buick century 350",93,-1.34526534903829,1.47938244821089,1.80344858603309,1.32299938682237,-0.898816241006535,1.47452988340145
"94",14,8,304,150,3672,11.5,73,1,"amc matador",94,-1.21732241056638,1.04096344135132,1.15859980495786,0.817689100050073,-1.43388866600456,1.47452988340145
"95",13,8,350,145,3988,13,73,1,"chevrolet malibu",95,-1.34526534903829,1.47938244821089,1.02963004874281,1.19076865757354,-0.898816241006535,1.47452988340145
"96",14,8,302,137,4042,14.5,73,1,"ford gran torino",96,-1.21732241056638,1.02190174540091,0.823278438798742,1.25452275917565,-0.36374381600851,1.47452988340145
"97",15,8,318,150,3777,12.5,73,1,"dodge coronet custom",97,-1.08937947209447,1.17439531300424,1.15859980495786,0.941655408720846,-1.07717371600588,1.47452988340145
"98",12,8,429,198,4952,11.5,73,1,"mercury marquis brougham",98,-1.4732082875102,2.23231943825233,2.39670946462229,2.32889743432235,-1.43388866600456,1.47452988340145
"99",13,8,400,150,4464,12,73,1,"chevrolet caprice classic",99,-1.34526534903829,1.9559248469713,1.15859980495786,1.75274925688105,-1.25553119100522,1.47452988340145
"100",13,8,351,158,4363,13,73,1,"ford ltd",100,-1.34526534903829,1.4889132961861,1.36495141490193,1.63350547425487,-0.898816241006535,1.47452988340145
"101",14,8,318,150,4237,14.5,73,1,"plymouth fury gran sedan",101,-1.21732241056638,1.17439531300424,1.15859980495786,1.48474590384995,-0.36374381600851,1.47452988340145
"102",13,8,440,215,4735,11,73,1,"chrysler new yorker brougham",102,-1.34526534903829,2.33715876597962,2.83520663575345,2.07270039640275,-1.6122461410039,1.47452988340145
"103",12,8,455,225,4951,11,73,1,"buick electra 225 custom",103,-1.4732082875102,2.48012148560774,3.09314614818354,2.3277168028112,-1.6122461410039,1.47452988340145
"104",13,8,360,175,3821,11,73,1,"amc ambassador brougham",104,-1.34526534903829,1.57469092796297,1.80344858603309,0.993603195211456,-1.6122461410039,1.47452988340145
"105",18,6,225,105,3121,16.5,73,1,"plymouth valiant",105,-0.705550656678751,0.288026451309889,-0.00212800097754814,0.167161137406303,0.349686083988857,0.30641450259952
"106",16,6,250,100,3278,18,73,1,"chevrolet nova custom",106,-0.961436533622567,0.52629765069009,-0.131097757192593,0.352520284656887,0.884758508986882,0.30641450259952
"107",18,6,232,100,2945,16,73,1,"amc hornet",107,-0.705550656678751,0.354742387136346,-0.131097757192593,-0.0406300085561352,0.171328608989515,0.30641450259952
"108",18,6,250,88,3021,16.5,73,1,"ford maverick",108,-0.705550656678751,0.52629765069009,-0.440625172108702,0.0490979862912814,0.349686083988857,0.30641450259952
"109",23,6,198,95,2904,16,73,1,"plymouth duster",109,-0.0658359643192128,0.0306935559792723,-0.260067513407639,-0.0890359005132941,0.171328608989515,0.30641450259952
"110",26,4,97,46,1950,21,73,2,"volkswagen super beetle",110,0.31799285109651,-0.93192208951674,-1.52397112431508,-1.2153583621506,1.95490335898293,-0.861700878202408
"111",11,8,400,150,4997,14,73,1,"chevrolet impala",111,-1.60115122598211,1.9559248469713,1.15859980495786,2.38202585232411,-0.542101291007852,1.47452988340145
"112",12,8,400,167,4906,12.5,73,1,"ford country",112,-1.4732082875102,1.9559248469713,1.59709697608901,2.27458838480944,-1.07717371600588,1.47452988340145
"113",13,8,360,170,4654,13,73,1,"plymouth custom suburb",113,-1.34526534903829,1.57469092796297,1.67447882981804,1.97706924399959,-0.898816241006535,1.47452988340145
"114",12,8,350,180,4499,12.5,73,1,"oldsmobile vista cruiser",114,-1.4732082875102,1.47938244821089,1.93241834224813,1.7940713597713,-1.07717371600588,1.47452988340145
"115",18,6,232,100,2789,15,73,1,"amc gremlin",115,-0.705550656678751,0.354742387136346,-0.131097757192593,-0.224808524295569,-0.185386341009168,0.30641450259952
"116",20,4,97,88,2279,19,73,3,"toyota carina",116,-0.449664779734936,-0.93192208951674,-0.440625172108702,-0.82693059498218,1.24147345898557,-0.861700878202408
"117",21,4,140,72,2401,19.5,73,1,"chevrolet vega",117,-0.321721841263028,-0.522095626582794,-0.853328391996847,-0.682893550621854,1.41983093398491,-0.861700878202408
"118",22,4,108,94,2379,16.5,73,3,"datsun 610",118,-0.193778902791121,-0.827082761789451,-0.285861464650648,-0.708867443867158,0.349686083988857,-0.861700878202408
"119",18,3,70,90,2124,13.5,73,3,"maxda rx3",119,-0.705550656678751,-1.18925498484736,-0.389037269622684,-1.00992847921046,-0.720458766007193,-1.44575856860337
"120",19,4,122,85,2310,18.5,73,1,"ford pinto",120,-0.577607718206844,-0.693650890136539,-0.518007025837729,-0.790331018136524,1.06311598398622,-0.861700878202408
"121",21,6,155,107,2472,14,73,1,"mercury capri v6",121,-0.321721841263028,-0.379132906954673,0.04945990150847,-0.599068713330188,-0.542101291007852,0.30641450259952
"122",26,4,98,90,2265,15.5,73,2,"fiat 124 sport coupe",122,0.31799285109651,-0.922391241541532,-0.389037269622684,-0.843459436138283,-0.00702886600982643,-0.861700878202408
"123",15,8,350,145,4082,13,73,1,"chevrolet monte carlo s",123,-1.08937947209447,1.47938244821089,1.02963004874281,1.30174801962166,-0.898816241006535,1.47452988340145
"124",16,8,400,230,4278,9.5,73,1,"pontiac grand prix",124,-0.961436533622567,1.9559248469713,3.22211590439858,1.53315179580711,-2.14731856600193,1.47452988340145
"125",29,4,68,49,1867,19.5,73,2,"fiat 128",125,0.701821666512234,-1.20831668079777,-1.44658927058606,-1.31335077757607,1.41983093398491,-0.861700878202408
"126",24,4,116,75,2158,15.5,73,2,"opel manta",126,0.062106974152695,-0.750835977987787,-0.77594653826782,-0.969787007831357,-0.00702886600982643,-0.861700878202408
"127",20,4,114,91,2582,14,73,2,"audi 100ls",127,-0.449664779734936,-0.769897673938203,-0.363243318379675,-0.469199247103664,-0.542101291007852,-0.861700878202408
"128",19,4,121,112,2868,15.5,73,2,"volvo 144ea",128,-0.577607718206844,-0.703181738111747,0.178429657723515,-0.131538634914702,-0.00702886600982643,-0.861700878202408
"129",15,8,318,150,3399,11,73,1,"dodge dart custom",129,-1.08937947209447,1.17439531300424,1.15859980495786,0.495376697506064,-1.6122461410039,1.47452988340145
"130",24,4,121,110,2660,14,73,2,"saab 99le",130,0.062106974152695,-0.703181738111747,0.126841755237497,-0.377109989233947,-0.542101291007852,-0.861700878202408
"131",20,6,156,122,2807,13.5,73,3,"toyota mark ii",131,-0.449664779734936,-0.369602058979465,0.436369170153606,-0.203557157094865,-0.720458766007193,0.30641450259952
"132",11,8,350,180,3664,11,73,1,"oldsmobile omega",132,-1.60115122598211,1.47938244821089,1.93241834224813,0.808244047960871,-1.6122461410039,1.47452988340145
"133",20,6,198,95,3102,16.5,74,1,"plymouth duster",133,-0.449664779734936,0.0306935559792723,-0.260067513407639,0.144729138694449,0.349686083988857,0.30641450259952
"134",21,6,200,NA,2875,17,74,1,"ford maverick",134,-0.321721841263028,0.0497552519296884,NA,-0.12327421433665,0.528043558988199,0.30641450259952
"135",19,6,232,100,2901,16,74,1,"amc hornet",135,-0.577607718206844,0.354742387136346,-0.131097757192593,-0.0925777950467448,0.171328608989515,0.30641450259952
"136",15,6,250,100,3336,17,74,1,"chevrolet nova",136,-1.08937947209447,0.52629765069009,-0.131097757192593,0.4209969123036,0.528043558988199,0.30641450259952
"137",31,4,79,67,1950,19,74,3,"datsun b210",137,0.957707543456049,-1.10347735307048,-0.982298148211892,-1.2153583621506,1.24147345898557,-0.861700878202408
"138",26,4,122,80,2451,16.5,74,1,"ford pinto",138,0.31799285109651,-0.693650890136539,-0.646976782052775,-0.623861975064343,0.349686083988857,-0.861700878202408
"139",32,4,71,65,1836,21,74,3,"toyota corolla 1200",139,1.08565048192796,-1.17972413687215,-1.03388605069791,-1.34995035442173,1.95490335898293,-0.861700878202408
"140",25,4,140,75,2542,17,74,1,"chevrolet vega",140,0.190049912624603,-0.522095626582794,-0.77594653826782,-0.516424507549673,0.528043558988199,-0.861700878202408
"141",16,6,250,100,3781,17,74,1,"chevrolet chevelle malibu classic",141,-0.961436533622567,0.52629765069009,-0.131097757192593,0.946377934765447,0.528043558988199,0.30641450259952
"142",16,6,258,110,3632,18,74,1,"amc matador",142,-0.961436533622567,0.602544434491755,0.126841755237497,0.770463839604065,0.884758508986882,0.30641450259952
"143",18,6,225,105,3613,16.5,74,1,"plymouth satellite sebring",143,-0.705550656678751,0.288026451309889,-0.00212800097754814,0.74803184089221,0.349686083988857,0.30641450259952
"144",16,8,302,140,4141,14,74,1,"ford gran torino",144,-0.961436533622567,1.02190174540091,0.900660292527769,1.37140527877953,-0.542101291007852,1.47452988340145
"145",13,8,350,150,4699,14.5,74,1,"buick century luxus (sw)",145,-1.34526534903829,1.47938244821089,1.15859980495786,2.03019766200135,-0.36374381600851,1.47452988340145
"146",14,8,318,150,4457,13.5,74,1,"dodge coronet custom (sw)",146,-1.21732241056638,1.17439531300424,1.15859980495786,1.74448483630299,-0.720458766007193,1.47452988340145
"147",14,8,302,140,4638,16,74,1,"ford gran torino (sw)",147,-1.21732241056638,1.02190174540091,0.900660292527769,1.95817913982118,0.171328608989515,1.47452988340145
"148",14,8,304,150,4257,15.5,74,1,"amc matador (sw)",148,-1.21732241056638,1.04096344135132,1.15859980495786,1.50835853407295,-0.00702886600982643,1.47452988340145
"149",29,4,98,83,2219,16.5,74,2,"audi fox",149,0.701821666512234,-0.922391241541532,-0.569594928323747,-0.897768485651193,0.349686083988857,-0.861700878202408
"150",26,4,79,67,1963,15.5,74,2,"volkswagen dasher",150,0.31799285109651,-1.10347735307048,-0.982298148211892,-1.20001015250565,-0.00702886600982643,-0.861700878202408
"151",26,4,97,78,2300,14.5,74,2,"opel manta",151,0.31799285109651,-0.93192208951674,-0.698564684538793,-0.802137333248026,-0.36374381600851,-0.861700878202408
"152",31,4,76,52,1649,16.5,74,3,"toyota corona",152,0.957707543456049,-1.13206989699611,-1.36920741685703,-1.57072844700682,0.349686083988857,-0.861700878202408
"153",32,4,83,61,2003,19,74,3,"datsun 710",153,1.08565048192796,-1.06535396116965,-1.13706185566995,-1.15278489205964,1.24147345898557,-0.861700878202408
"154",28,4,90,75,2125,14.5,74,1,"dodge colt",154,0.573878728040326,-0.998638025343196,-0.77594653826782,-1.00874784769931,-0.36374381600851,-0.861700878202408
"155",24,4,90,75,2108,15.5,74,2,"fiat 128",155,0.062106974152695,-0.998638025343196,-0.77594653826782,-1.02881858338887,-0.00702886600982643,-0.861700878202408
"156",26,4,116,75,2246,14,74,2,"fiat 124 tc",156,0.31799285109651,-0.750835977987787,-0.77594653826782,-0.865891434850137,-0.542101291007852,-0.861700878202408
"157",24,4,120,97,2489,15,74,3,"honda civic",157,0.062106974152695,-0.712712586086955,-0.208479610921621,-0.578997977640635,-0.185386341009168,-0.861700878202408
"158",26,4,108,93,2391,15.5,74,3,"subaru",158,0.31799285109651,-0.827082761789451,-0.311655415893657,-0.694699865733356,-0.00702886600982643,-0.861700878202408
"159",31,4,79,67,2000,16,74,2,"fiat x1.9",159,0.957707543456049,-1.10347735307048,-0.982298148211892,-1.15632678659309,0.171328608989515,-0.861700878202408
"160",19,6,225,95,3264,16,75,1,"plymouth valiant custom",160,-0.577607718206844,0.288026451309889,-0.260067513407639,0.335991443500784,0.171328608989515,0.30641450259952
"161",18,6,250,105,3459,16,75,1,"chevrolet nova",161,-0.705550656678751,0.52629765069009,-0.00212800097754814,0.566214588175077,0.171328608989515,0.30641450259952
"162",15,6,250,72,3432,21,75,1,"mercury monarch",162,-1.08937947209447,0.52629765069009,-0.853328391996847,0.534337537374021,1.95490335898293,0.30641450259952
"163",15,6,250,72,3158,19.5,75,1,"ford maverick",163,-1.08937947209447,0.52629765069009,-0.853328391996847,0.210844503318861,1.41983093398491,0.30641450259952
"164",16,8,400,170,4668,11.5,75,1,"pontiac catalina",164,-0.961436533622567,1.9559248469713,1.67447882981804,1.99359808515569,-1.43388866600456,1.47452988340145
"165",15,8,350,145,4440,14,75,1,"chevrolet bel air",165,-1.08937947209447,1.47938244821089,1.02963004874281,1.72441410061344,-0.542101291007852,1.47452988340145
"166",16,8,318,150,4498,14.5,75,1,"plymouth grand fury",166,-0.961436533622567,1.17439531300424,1.15859980495786,1.79289072826015,-0.36374381600851,1.47452988340145
"167",14,8,351,148,4657,13.5,75,1,"ford ltd",167,-1.21732241056638,1.4889132961861,1.10701190247184,1.98061113853304,-0.720458766007193,1.47452988340145
"168",17,6,231,110,3907,21,75,1,"buick century",168,-0.833493595150659,0.345211539161138,0.126841755237497,1.09513750517037,1.95490335898293,0.30641450259952
"169",16,6,250,105,3897,18.5,75,1,"chevroelt chevelle malibu",169,-0.961436533622567,0.52629765069009,-0.00212800097754814,1.08333119005887,1.06311598398622,0.30641450259952
"170",15,6,258,110,3730,19,75,1,"amc matador",170,-1.08937947209447,0.602544434491755,0.126841755237497,0.886165727696786,1.24147345898557,0.30641450259952
"171",18,6,225,95,3785,19,75,1,"plymouth fury",171,-0.705550656678751,0.288026451309889,-0.260067513407639,0.951100460810048,1.24147345898557,0.30641450259952
"172",21,6,231,110,3039,15,75,1,"buick skyhawk",172,-0.321721841263028,0.345211539161138,0.126841755237497,0.0703493534919853,-0.185386341009168,0.30641450259952
"173",20,8,262,110,3221,13.5,75,1,"chevrolet monza 2+2",173,-0.449664779734936,0.640667826392587,0.126841755237497,0.285224288521325,-0.720458766007193,1.47452988340145
"174",13,8,302,129,3169,12,75,1,"ford mustang ii",174,-1.34526534903829,1.02190174540091,0.616926828854669,0.223831449941514,-1.25553119100522,1.47452988340145
"175",29,4,97,75,2171,16,75,3,"toyota corolla",175,0.701821666512234,-0.93192208951674,-0.77594653826782,-0.954438798186404,0.171328608989515,-0.861700878202408
"176",23,4,140,83,2639,17,75,1,"ford pinto",176,-0.0658359643192128,-0.522095626582794,-0.569594928323747,-0.401903250968102,0.528043558988199,-0.861700878202408
"177",20,6,232,100,2914,16,75,1,"amc gremlin",177,-0.449664779734936,0.354742387136346,-0.131097757192593,-0.077229585401792,0.171328608989515,0.30641450259952
"178",23,4,140,78,2592,18.5,75,1,"pontiac astro",178,-0.0658359643192128,-0.522095626582794,-0.698564684538793,-0.457392931992162,1.06311598398622,-0.861700878202408
"179",24,4,134,96,2702,13.5,75,3,"toyota corona",179,0.062106974152695,-0.579280714434042,-0.23427356216463,-0.327523465765638,-0.720458766007193,-0.861700878202408
"180",25,4,90,71,2223,16.5,75,2,"volkswagen dasher",180,0.190049912624603,-0.998638025343196,-0.879122343239856,-0.893045959606592,0.349686083988857,-0.861700878202408
"181",24,4,119,97,2545,17,75,3,"datsun 710",181,0.062106974152695,-0.722243434062163,-0.208479610921621,-0.512882613016222,0.528043558988199,-0.861700878202408
"182",18,6,171,97,2984,14.5,75,1,"ford pinto",182,-0.705550656678751,-0.226639339351345,-0.208479610921621,0.0054146203787233,-0.36374381600851,0.30641450259952
"183",29,4,90,70,1937,14,75,2,"volkswagen rabbit",183,0.701821666512234,-0.998638025343196,-0.904916294482865,-1.23070657179555,-0.542101291007852,-0.861700878202408
"184",19,6,232,90,3211,17,75,1,"amc pacer",184,-0.577607718206844,0.354742387136346,-0.389037269622684,0.273417973409823,0.528043558988199,0.30641450259952
"185",23,4,115,95,2694,15,75,2,"audi 100ls",185,-0.0658359643192128,-0.760366825962995,-0.260067513407639,-0.33696851785484,-0.185386341009168,-0.861700878202408
"186",23,4,120,88,2957,17,75,2,"peugeot 504",186,-0.0658359643192128,-0.712712586086955,-0.440625172108702,-0.0264624304223326,0.528043558988199,-0.861700878202408
"187",22,4,121,98,2945,14.5,75,2,"volvo 244dl",187,-0.193778902791121,-0.703181738111747,-0.182685659678612,-0.0406300085561352,-0.36374381600851,-0.861700878202408
"188",25,4,121,115,2671,13.5,75,2,"saab 99le",188,0.190049912624603,-0.703181738111747,0.255811511452542,-0.364123042611295,-0.720458766007193,-0.861700878202408
"189",33,4,91,53,1795,17.5,75,3,"honda civic cvcc",189,1.21359342039986,-0.989107177367988,-1.34341346561402,-1.39835624637889,0.706401033987541,-0.861700878202408
"190",28,4,107,86,2464,15.5,76,2,"fiat 131",190,0.573878728040326,-0.836613609764659,-0.49221307459472,-0.60851376541939,-0.00702886600982643,-0.861700878202408
"191",25,4,116,81,2220,16.9,76,2,"opel 1900",191,0.190049912624603,-0.750835977987787,-0.621182830809766,-0.896587854140043,0.49237206398833,-0.861700878202408
"192",25,4,140,92,2572,14.9,76,1,"capri ii",192,0.190049912624603,-0.522095626582794,-0.337449367136666,-0.481005562215166,-0.221057836009036,-0.861700878202408
"193",26,4,98,79,2255,17.7,76,1,"dodge colt",193,0.31799285109651,-0.922391241541532,-0.672770733295784,-0.855265751249786,0.777744023987277,-0.861700878202408
"194",27,4,101,83,2202,15.3,76,2,"renault 12tl",194,0.445935789568418,-0.893798697615907,-0.569594928323747,-0.917839221340747,-0.0783718560095629,-0.861700878202408
"195",17.5,8,305,140,4215,13,76,1,"chevrolet chevelle malibu classic",195,-0.769522125914705,1.05049428932653,0.900660292527769,1.45877201060464,-0.898816241006535,1.47452988340145
"196",16,8,318,150,4190,13,76,1,"dodge coronet brougham",196,-0.961436533622567,1.17439531300424,1.15859980495786,1.42925622282589,-0.898816241006535,1.47452988340145
"197",15.5,8,304,120,3962,13.9,76,1,"amc matador",197,-1.02540800285852,1.04096344135132,0.384781267667588,1.16007223828364,-0.57777278600772,1.47452988340145
"198",14.5,8,351,152,4215,12.8,76,1,"ford gran torino",198,-1.15335094133043,1.4889132961861,1.21018770744388,1.45877201060464,-0.970159231006272,1.47452988340145
"199",22,6,225,100,3233,15.4,76,1,"plymouth valiant",199,-0.193778902791121,0.288026451309889,-0.131097757192593,0.299391866655128,-0.0427003610096947,0.30641450259952
"200",22,6,250,105,3353,14.5,76,1,"chevrolet nova",200,-0.193778902791121,0.52629765069009,-0.00212800097754814,0.441067647993154,-0.36374381600851,0.30641450259952
"201",24,6,200,81,3012,17.6,76,1,"ford maverick",201,0.062106974152695,0.0497552519296884,-0.621182830809766,0.0384723026909294,0.742072528987409,0.30641450259952
"202",22.5,6,232,90,3085,17.6,76,1,"amc hornet",202,-0.129807433555167,0.354742387136346,-0.389037269622684,0.124658403004895,0.742072528987409,0.30641450259952
"203",29,4,85,52,2035,22.2,76,1,"chevrolet chevette",203,0.701821666512234,-1.04629226521924,-1.36920741685703,-1.11500468370283,2.38296129898135,-0.861700878202408
"204",24.5,4,98,60,2164,22.1,76,1,"chevrolet woody",204,0.126078443388649,-0.922391241541532,-1.16285580691296,-0.962703218764455,2.34728980398149,-0.861700878202408
"205",29,4,90,70,1937,14.2,76,2,"vw rabbit",205,0.701821666512234,-0.998638025343196,-0.904916294482865,-1.23070657179555,-0.470758301008115,-0.861700878202408
"206",33,4,91,53,1795,17.4,76,3,"honda civic",206,1.21359342039986,-0.989107177367988,-1.34341346561402,-1.39835624637889,0.670729538987672,-0.861700878202408
"207",20,6,225,100,3651,17.7,76,1,"dodge aspen se",207,-0.449664779734936,0.288026451309889,-0.131097757192593,0.792895838315919,0.777744023987277,0.30641450259952
"208",18,6,250,78,3574,21,76,1,"ford granada ghia",208,-0.705550656678751,0.52629765069009,-0.698564684538793,0.701987211957352,1.95490335898293,0.30641450259952
"209",18.5,6,250,110,3645,16.2,76,1,"pontiac ventura sj",209,-0.641579187442798,0.52629765069009,0.126841755237497,0.785812049249017,0.242671598989252,0.30641450259952
"210",17.5,6,258,95,3193,17.8,76,1,"amc pacer d/l",210,-0.769522125914705,0.602544434491755,-0.260067513407639,0.252166606209119,0.813415518987146,0.30641450259952
"211",29.5,4,97,71,1825,12.2,76,2,"volkswagen rabbit",211,0.765793135748188,-0.93192208951674,-0.879122343239856,-1.36293730104438,-1.18418820100548,-0.861700878202408
"212",32,4,85,70,1990,17,76,3,"datsun b-210",212,1.08565048192796,-1.04629226521924,-0.904916294482865,-1.16813310170459,0.528043558988199,-0.861700878202408
"213",28,4,97,75,2155,16.4,76,3,"toyota corolla",213,0.573878728040326,-0.93192208951674,-0.77594653826782,-0.973328902364807,0.314014588988988,-0.861700878202408
"214",26.5,4,140,72,2565,13.6,76,1,"ford pinto",214,0.381964320332464,-0.522095626582794,-0.853328391996847,-0.489269982793218,-0.684787271007325,-0.861700878202408
"215",20,4,130,102,3150,15.7,76,2,"volvo 245",215,-0.449664779734936,-0.617404106334874,-0.0795098547065753,0.201399451229659,0.06431412398991,-0.861700878202408
"216",13,8,318,150,3940,13.2,76,1,"plymouth volare premier v8",216,-1.34526534903829,1.17439531300424,1.15859980495786,1.13409834503833,-0.827473251006799,1.47452988340145
"217",19,4,120,88,3270,21.9,76,2,"peugeot 504",217,-0.577607718206844,-0.712712586086955,-0.440625172108702,0.343075232567686,2.27594681398175,-0.861700878202408
"218",19,6,156,108,2930,15.5,76,3,"toyota mark ii",218,-0.577607718206844,-0.369602058979465,0.075253852751479,-0.0583394812233885,-0.00702886600982643,0.30641450259952
"219",16.5,6,168,120,3820,16.7,76,2,"mercedes-benz 280s",219,-0.897465064386613,-0.255231883276969,0.384781267667588,0.992422563700305,0.421029073988594,0.30641450259952
"220",16.5,8,350,180,4380,12.1,76,1,"cadillac seville",220,-0.897465064386613,1.47938244821089,1.93241834224813,1.65357620994443,-1.21985969600535,1.47452988340145
"221",13,8,350,145,4055,12,76,1,"chevy c10",221,-1.34526534903829,1.47938244821089,1.02963004874281,1.26987096882061,-1.25553119100522,1.47452988340145
"222",13,8,302,130,3870,15,76,1,"ford f108",222,-1.34526534903829,1.02190174540091,0.642720780097678,1.05145413925782,-0.185386341009168,1.47452988340145
"223",13,8,318,150,3755,14,76,1,"dodge d100",223,-1.34526534903829,1.17439531300424,1.15859980495786,0.915681515475541,-0.542101291007852,1.47452988340145
"224",31.5,4,98,68,2045,18.5,77,3,"honda accord cvcc",224,1.021679012692,-0.922391241541532,-0.956504196968883,-1.10319836859133,1.06311598398622,-0.861700878202408
"225",30,4,111,80,2155,14.8,77,1,"buick opel isuzu deluxe",225,0.829764604984142,-0.798490217863827,-0.646976782052775,-0.973328902364807,-0.256729331008905,-0.861700878202408
"226",36,4,79,58,1825,18.6,77,2,"renault 5 gtl",226,1.59742223581559,-1.10347735307048,-1.21444370939897,-1.36293730104438,1.09878747898609,-0.861700878202408
"227",25.5,4,122,96,2300,15.5,77,1,"plymouth arrow gs",227,0.254021381860557,-0.693650890136539,-0.23427356216463,-0.802137333248026,-0.00702886600982643,-0.861700878202408
"228",33.5,4,85,70,1945,16.8,77,3,"datsun f-10 hatchback",228,1.27756488963582,-1.04629226521924,-0.904916294482865,-1.22126151970635,0.456700568988462,-0.861700878202408
"229",17.5,8,305,145,3880,12.5,77,1,"chevrolet caprice classic",229,-0.769522125914705,1.05049428932653,1.02963004874281,1.06326045436932,-1.07717371600588,1.47452988340145
"230",17,8,260,110,4060,19,77,1,"oldsmobile cutlass supreme",230,-0.833493595150659,0.621606130442171,0.126841755237497,1.27577412637636,1.24147345898557,1.47452988340145
"231",15.5,8,318,145,4140,13.7,77,1,"dodge monaco brougham",231,-1.02540800285852,1.17439531300424,1.02963004874281,1.37022464726838,-0.649115776007457,1.47452988340145
"232",15,8,302,130,4295,14.9,77,1,"mercury cougar brougham",232,-1.08937947209447,1.02190174540091,0.642720780097678,1.55322253149666,-0.221057836009036,1.47452988340145
"233",17.5,6,250,110,3520,16.4,77,1,"chevrolet concours",233,-0.769522125914705,0.52629765069009,0.126841755237497,0.63823311035524,0.314014588988988,0.30641450259952
"234",20.5,6,231,105,3425,16.9,77,1,"buick skylark",234,-0.385693310498982,0.345211539161138,-0.00212800097754814,0.526073116795969,0.49237206398833,0.30641450259952
"235",19,6,225,100,3630,17.7,77,1,"plymouth volare custom",235,-0.577607718206844,0.288026451309889,-0.131097757192593,0.768102576581764,0.777744023987277,0.30641450259952
"236",18.5,6,250,98,3525,19,77,1,"ford granada",236,-0.641579187442798,0.52629765069009,-0.182685659678612,0.644136267910991,1.24147345898557,0.30641450259952
"237",16,8,400,180,4220,11.1,77,1,"pontiac grand prix lj",237,-0.961436533622567,1.9559248469713,1.93241834224813,1.46467516816039,-1.57657464600403,1.47452988340145
"238",15.5,8,350,170,4165,11.4,77,1,"chevrolet monte carlo landau",238,-1.02540800285852,1.47938244821089,1.67447882981804,1.39974043504713,-1.46956016100443,1.47452988340145
"239",15.5,8,400,190,4325,12.2,77,1,"chrysler cordoba",239,-1.02540800285852,1.9559248469713,2.19035785467822,1.58864147683117,-1.18418820100548,1.47452988340145
"240",16,8,351,149,4335,14.5,77,1,"ford thunderbird",240,-0.961436533622567,1.4889132961861,1.13280585371485,1.60044779194267,-0.36374381600851,1.47452988340145
"241",29,4,97,78,1940,14.5,77,2,"volkswagen rabbit custom",241,0.701821666512234,-0.93192208951674,-0.698564684538793,-1.2271646772621,-0.36374381600851,-0.861700878202408
"242",24.5,4,151,88,2740,16,77,1,"pontiac sunbird coupe",242,0.126078443388649,-0.417256298855505,-0.440625172108702,-0.28265946834193,0.171328608989515,-0.861700878202408
"243",26,4,97,75,2265,18.2,77,3,"toyota corolla liftback",243,0.31799285109651,-0.93192208951674,-0.77594653826782,-0.843459436138283,0.956101498986619,-0.861700878202408
"244",25.5,4,140,89,2755,15.8,77,1,"ford mustang ii 2+2",244,0.254021381860557,-0.522095626582794,-0.414831220865693,-0.264949995674677,0.0999856189897789,-0.861700878202408
"245",30.5,4,98,63,2051,17,77,1,"chevrolet chevette",245,0.893736074220095,-0.922391241541532,-1.08547395318393,-1.09611457952443,0.528043558988199,-0.861700878202408
"246",33.5,4,98,83,2075,15.9,77,1,"dodge colt m/m",246,1.27756488963582,-0.922391241541532,-0.569594928323747,-1.06777942325682,0.135657113989647,-0.861700878202408
"247",30,4,97,67,1985,16.4,77,3,"subaru dl",247,0.829764604984142,-0.93192208951674,-0.982298148211892,-1.17403625926034,0.314014588988988,-0.861700878202408
"248",30.5,4,97,78,2190,14.1,77,2,"volkswagen dasher",248,0.893736074220095,-0.93192208951674,-0.698564684538793,-0.93200679947455,-0.506429796007983,-0.861700878202408
"249",22,6,146,97,2815,14.5,77,3,"datsun 810",249,-0.193778902791121,-0.464910538731546,-0.208479610921621,-0.194112105005664,-0.36374381600851,0.30641450259952
"250",21.5,4,121,110,2600,12.8,77,2,"bmw 320i",250,-0.257750372027074,-0.703181738111747,0.126841755237497,-0.44794787990296,-0.970159231006272,-0.861700878202408
"251",21.5,3,80,110,2720,13.5,77,3,"mazda rx-4",251,-0.257750372027074,-1.09394650509528,0.126841755237497,-0.306272098564934,-0.720458766007193,-1.44575856860337
"252",43.1,4,90,48,1985,21.5,78,2,"volkswagen rabbit custom diesel",252,2.50581709896613,-0.998638025343196,-1.47238322182906,-1.17403625926034,2.13326083398227,-0.861700878202408
"253",36.1,4,98,66,1800,14.4,78,1,"ford fiesta",253,1.61021652966278,-0.922391241541532,-1.0080920994549,-1.39245308882313,-0.399415311008378,-0.861700878202408
"254",32.8,4,78,52,1985,19.4,78,3,"mazda glc deluxe",254,1.18800483270548,-1.11300820104569,-1.36920741685703,-1.17403625926034,1.38415943898504,-0.861700878202408
"255",39.4,4,85,70,2070,18.6,78,3,"datsun b210 gx",255,2.03242822662007,-1.04629226521924,-0.904916294482865,-1.07368258081258,1.09878747898609,-0.861700878202408
"256",36.1,4,91,60,1800,16.4,78,3,"honda civic cvcc",256,1.61021652966278,-0.989107177367988,-1.16285580691296,-1.39245308882313,0.314014588988988,-0.861700878202408
"257",19.9,8,260,110,3365,15.5,78,1,"oldsmobile cutlass salon brougham",257,-0.462459073582127,0.621606130442171,0.126841755237497,0.455235226126956,-0.00702886600982643,1.47452988340145
"258",19.4,8,318,140,3735,13.2,78,1,"dodge diplomat",258,-0.526430542818081,1.17439531300424,0.900660292527769,0.892068885252537,-0.827473251006799,1.47452988340145
"259",20.2,8,302,139,3570,12.8,78,1,"mercury monarch ghia",259,-0.424076192040555,1.02190174540091,0.87486634128476,0.697264685912751,-0.970159231006272,1.47452988340145
"260",19.2,6,231,105,3535,19.2,78,1,"pontiac phoenix lj",260,-0.552019130512462,0.345211539161138,-0.00212800097754814,0.655942583022493,1.3128164489853,0.30641450259952
"261",20.5,6,200,95,3155,18.2,78,1,"chevrolet malibu",261,-0.385693310498982,0.0497552519296884,-0.260067513407639,0.207302608785411,0.956101498986619,0.30641450259952
"262",20.2,6,200,85,2965,15.8,78,1,"ford fairmont (auto)",262,-0.424076192040555,0.0497552519296884,-0.518007025837729,-0.0170173783331308,0.0999856189897789,0.30641450259952
"263",25.1,4,140,88,2720,15.4,78,1,"ford fairmont (man)",263,0.202844206471794,-0.522095626582794,-0.440625172108702,-0.306272098564934,-0.0427003610096947,-0.861700878202408
"264",20.5,6,225,100,3430,17.2,78,1,"plymouth volare",264,-0.385693310498982,0.288026451309889,-0.131097757192593,0.53197627435172,0.599386548987935,0.30641450259952
"265",19.4,6,232,90,3210,17.2,78,1,"amc concord",265,-0.526430542818081,0.354742387136346,-0.389037269622684,0.272237341898673,0.599386548987935,0.30641450259952
"266",20.6,6,231,105,3380,15.8,78,1,"buick century special",266,-0.372899016651791,0.345211539161138,-0.00212800097754814,0.47294469879421,0.0999856189897789,0.30641450259952
"267",20.8,6,200,85,3070,16.7,78,1,"mercury zephyr",267,-0.34731042895741,0.0497552519296884,-0.518007025837729,0.106948930337642,0.421029073988594,0.30641450259952
"268",18.6,6,225,110,3620,18.7,78,1,"dodge aspen",268,-0.628784893595607,0.288026451309889,0.126841755237497,0.756296261470262,1.13445897398596,0.30641450259952
"269",18.1,6,258,120,3410,15.1,78,1,"amc concord d/l",269,-0.692756362831561,0.602544434491755,0.384781267667588,0.508363644128716,-0.1497148460093,0.30641450259952
"270",19.2,8,305,145,3425,13.2,78,1,"chevrolet monte carlo landau",270,-0.552019130512462,1.05049428932653,1.02963004874281,0.526073116795969,-0.827473251006799,1.47452988340145
"271",17.7,6,231,165,3445,13.4,78,1,"buick regal sport coupe (turbo)",271,-0.743933538220324,0.345211539161138,1.545509073603,0.549685747018974,-0.756130261007062,0.30641450259952
"272",18.1,8,302,139,3205,11.2,78,1,"ford futura",272,-0.692756362831561,1.02190174540091,0.87486634128476,0.266334184342921,-1.54090315100417,1.47452988340145
"273",17.5,8,318,140,4080,13.7,78,1,"dodge magnum xe",273,-0.769522125914705,1.17439531300424,0.900660292527769,1.29938675659936,-0.649115776007457,1.47452988340145
"274",30,4,98,68,2155,16.5,78,1,"chevrolet chevette",274,0.829764604984142,-0.922391241541532,-0.956504196968883,-0.973328902364807,0.349686083988857,-0.861700878202408
"275",27.5,4,134,95,2560,14.2,78,3,"toyota corona",275,0.509907258804372,-0.579280714434042,-0.260067513407639,-0.495173140348969,-0.470758301008115,-0.861700878202408
"276",27.2,4,119,97,2300,14.7,78,3,"datsun 510",276,0.4715243772628,-0.722243434062163,-0.208479610921621,-0.802137333248026,-0.292400826008773,-0.861700878202408
"277",30.9,4,105,75,2230,14.5,78,1,"dodge omni",277,0.944913249608858,-0.855675305715075,-0.77594653826782,-0.884781539028541,-0.36374381600851,-0.861700878202408
"278",21.1,4,134,95,2515,14.8,78,3,"toyota celica gt liftback",278,-0.308927547415837,-0.579280714434042,-0.260067513407639,-0.548301558350729,-0.256729331008905,-0.861700878202408
"279",23.2,4,156,105,2745,16.7,78,1,"plymouth sapporo",279,-0.0402473766248313,-0.369602058979465,-0.00212800097754814,-0.276756310786179,0.421029073988594,-0.861700878202408
"280",23.8,4,151,85,2855,17.6,78,1,"oldsmobile starfire sx",280,0.0365183864583135,-0.417256298855505,-0.518007025837729,-0.146886844559655,0.742072528987409,-0.861700878202408
"281",23.9,4,119,97,2405,14.9,78,3,"datsun 200-sx",281,0.049312680305504,-0.722243434062163,-0.208479610921621,-0.678171024577253,-0.221057836009036,-0.861700878202408
"282",20.3,5,131,103,2830,15.9,78,2,"audi 5000",282,-0.411281898193364,-0.607873258359666,-0.0537159034635663,-0.17640263233841,0.135657113989647,-0.277643187801444
"283",17,6,163,125,3140,13.6,78,2,"volvo 264gl",283,-0.833493595150659,-0.302886123153009,0.513751023882633,0.189593136118157,-0.684787271007325,0.30641450259952
"284",21.6,4,121,115,2795,15.7,78,2,"saab 99gle",284,-0.244956078179883,-0.703181738111747,0.255811511452542,-0.217724735228668,0.06431412398991,-0.861700878202408
"285",16.2,6,163,133,3410,15.8,78,2,"peugeot 604sl",285,-0.935847945928186,-0.302886123153009,0.720102633826705,0.508363644128716,0.0999856189897789,0.30641450259952
"286",31.5,4,89,71,1990,14.9,78,2,"volkswagen scirocco",286,1.021679012692,-1.0081688733184,-0.879122343239856,-1.16813310170459,-0.221057836009036,-0.861700878202408
"287",29.5,4,98,68,2135,16.6,78,3,"honda accord lx",287,0.765793135748188,-0.922391241541532,-0.956504196968883,-0.996941532587812,0.385357578988726,-0.861700878202408
"288",21.5,6,231,115,3245,15.4,79,1,"pontiac lemans v6",288,-0.257750372027074,0.345211539161138,0.255811511452542,0.31355944478893,-0.0427003610096947,0.30641450259952
"289",19.8,6,200,85,2990,18.2,79,1,"mercury zephyr 6",289,-0.475253367429317,0.0497552519296884,-0.518007025837729,0.0124984094456246,0.956101498986619,0.30641450259952
"290",22.3,4,140,88,2890,17.3,79,1,"ford fairmont 4",290,-0.155396021249548,-0.522095626582794,-0.440625172108702,-0.105564741669397,0.635058043987804,-0.861700878202408
"291",20.2,6,232,90,3265,18.2,79,1,"amc concord dl 6",291,-0.424076192040555,0.354742387136346,-0.389037269622684,0.337172075011935,0.956101498986619,0.30641450259952
"292",20.6,6,225,110,3360,16.6,79,1,"dodge aspen 6",292,-0.372899016651791,0.288026451309889,0.126841755237497,0.449332068571205,0.385357578988726,0.30641450259952
"293",17,8,305,130,3840,15.4,79,1,"chevrolet caprice classic",293,-0.833493595150659,1.05049428932653,0.642720780097678,1.01603519392331,-0.0427003610096947,1.47452988340145
"294",17.6,8,302,129,3725,13.4,79,1,"ford ltd landau",294,-0.756727832067514,1.02190174540091,0.616926828854669,0.880262570141035,-0.756130261007062,1.47452988340145
"295",16.5,8,351,138,3955,13.2,79,1,"mercury grand marquis",295,-0.897465064386613,1.4889132961861,0.849072390041751,1.15180781770558,-0.827473251006799,1.47452988340145
"296",18.2,8,318,135,3830,15.2,79,1,"dodge st. regis",296,-0.67996206898437,1.17439531300424,0.771690536312724,1.00422887881181,-0.114043351009432,1.47452988340145
"297",16.9,8,350,155,4360,14.9,79,1,"buick estate wagon (sw)",297,-0.84628788899785,1.47938244821089,1.2875695611729,1.62996357972142,-0.221057836009036,1.47452988340145
"298",15.5,8,351,142,4054,14.3,79,1,"ford country squire (sw)",298,-1.02540800285852,1.4889132961861,0.952248195013787,1.26869033730946,-0.435086806008246,1.47452988340145
"299",19.2,8,267,125,3605,15,79,1,"chevrolet malibu classic (sw)",299,-0.552019130512462,0.688322066268627,0.513751023882633,0.738586788803009,-0.185386341009168,1.47452988340145
"300",18.5,8,360,150,3940,13,79,1,"chrysler lebaron town @ country (sw)",300,-0.641579187442798,1.57469092796297,1.15859980495786,1.13409834503833,-0.898816241006535,1.47452988340145
"301",31.9,4,89,71,1925,14,79,2,"vw rabbit custom",301,1.07285618808077,-1.0081688733184,-0.879122343239856,-1.24487414992936,-0.542101291007852,-0.861700878202408
"302",34.1,4,86,65,1975,15.2,79,3,"maxda glc deluxe",302,1.35433065271896,-1.03676141724403,-1.03388605069791,-1.18584257437185,-0.114043351009432,-0.861700878202408
"303",35.7,4,98,80,1915,14.4,79,1,"dodge colt hatchback custom",303,1.55903935427402,-0.922391241541532,-0.646976782052775,-1.25668046504086,-0.399415311008378,-0.861700878202408
"304",27.4,4,121,80,2670,15,79,1,"amc spirit dl",304,0.497112964957181,-0.703181738111747,-0.646976782052775,-0.365303674122445,-0.185386341009168,-0.861700878202408
"305",25.4,5,183,77,3530,20.1,79,2,"mercedes benz 300d",305,0.241227088013366,-0.112269163648848,-0.724358635781802,0.650039425466742,1.63385990398412,-0.277643187801444
"306",23,8,350,125,3900,17.4,79,1,"cadillac eldorado",306,-0.0658359643192128,1.47938244821089,0.513751023882633,1.08687308459232,0.670729538987672,1.47452988340145
"307",27.2,4,141,71,3190,24.8,79,2,"peugeot 504",307,0.4715243772628,-0.512564778607586,-0.879122343239856,0.248624711675668,3.31042016897793,-0.861700878202408
"308",23.9,8,260,90,3420,22.2,79,1,"oldsmobile cutlass salon brougham",308,0.049312680305504,0.621606130442171,-0.389037269622684,0.520169959240218,2.38296129898135,1.47452988340145
"309",34.2,4,105,70,2200,13.2,79,1,"plymouth horizon",309,1.36712494656615,-0.855675305715075,-0.904916294482865,-0.920200484363047,-0.827473251006799,-0.861700878202408
"310",34.5,4,105,70,2150,14.9,79,1,"plymouth horizon tc3",310,1.40550782810773,-0.855675305715075,-0.904916294482865,-0.979232059920558,-0.221057836009036,-0.861700878202408
"311",31.8,4,85,65,2020,19.2,79,3,"datsun 210",311,1.06006189423358,-1.04629226521924,-1.03388605069791,-1.13271415637009,1.3128164489853,-0.861700878202408
"312",37.3,4,91,69,2130,14.7,79,2,"fiat strada custom",312,1.76374805582907,-0.989107177367988,-0.930710245725874,-1.00284469014356,-0.292400826008773,-0.861700878202408
"313",28.4,4,151,90,2670,16,79,1,"buick skylark limited",313,0.625055903429089,-0.417256298855505,-0.389037269622684,-0.365303674122445,0.171328608989515,-0.861700878202408
"314",28.8,6,173,115,2595,11.3,79,1,"chevrolet citation",314,0.676233078817852,-0.207577643400929,0.255811511452542,-0.453851037458711,-1.5052316560043,0.30641450259952
"315",26.8,6,173,115,2700,12.9,79,1,"oldsmobile omega brougham",315,0.420347201874037,-0.207577643400929,0.255811511452542,-0.329884728787939,-0.934487736006403,0.30641450259952
"316",33.5,4,151,90,2556,13.2,79,1,"pontiac phoenix",316,1.27756488963582,-0.417256298855505,-0.389037269622684,-0.49989566639357,-0.827473251006799,-0.861700878202408
"317",41.5,4,98,76,2144,14.7,80,2,"vw rabbit",317,2.30110839741108,-0.922391241541532,-0.750152587024811,-0.98631584898746,-0.292400826008773,-0.861700878202408
"318",38.1,4,89,60,1968,18.8,80,3,"toyota corolla tercel",318,1.86610240660659,-1.0081688733184,-1.16285580691296,-1.1941069949499,1.17013046898583,-0.861700878202408
"319",32.1,4,98,70,2120,15.5,80,1,"chevrolet chevette",319,1.09844477577515,-0.922391241541532,-0.904916294482865,-1.01465100525507,-0.00702886600982643,-0.861700878202408
"320",37.2,4,86,65,2019,16.4,80,3,"datsun 310",320,1.75095376198188,-1.03676141724403,-1.03388605069791,-1.13389478788124,0.314014588988988,-0.861700878202408
"321",28,4,151,90,2678,16.5,80,1,"chevrolet citation",321,0.573878728040326,-0.417256298855505,-0.389037269622684,-0.355858622033243,0.349686083988857,-0.861700878202408
"322",26.4,4,140,88,2870,18.1,80,1,"ford fairmont",322,0.369170026485273,-0.522095626582794,-0.440625172108702,-0.129177371892402,0.920430003986751,-0.861700878202408
"323",24.3,4,151,90,3003,20.1,80,1,"amc concord",323,0.100489855694267,-0.417256298855505,-0.389037269622684,0.0278466190905774,1.63385990398412,-0.861700878202408
"324",19.1,6,225,90,3381,18.7,80,1,"dodge aspen",324,-0.564813424359653,0.288026451309889,-0.389037269622684,0.47412533030536,1.13445897398596,0.30641450259952
"325",34.3,4,97,78,2188,15.8,80,2,"audi 4000",325,1.37991924041334,-0.93192208951674,-0.698564684538793,-0.93436806249685,0.0999856189897789,-0.861700878202408
"326",29.8,4,134,90,2711,15.5,80,3,"toyota corona liftback",326,0.80417601728976,-0.579280714434042,-0.389037269622684,-0.316897782165286,-0.00702886600982643,-0.861700878202408
"327",31.3,4,120,75,2542,17.5,80,3,"mazda 626",327,0.996090424997622,-0.712712586086955,-0.77594653826782,-0.516424507549673,0.706401033987541,-0.861700878202408
"328",37,4,119,92,2434,15,80,3,"datsun 510 hatchback",328,1.7253651742875,-0.722243434062163,-0.337449367136666,-0.643932710753896,-0.185386341009168,-0.861700878202408
"329",32.2,4,108,75,2265,15.2,80,3,"toyota corolla",329,1.11123906962234,-0.827082761789451,-0.77594653826782,-0.843459436138283,-0.114043351009432,-0.861700878202408
"330",46.6,4,86,65,2110,17.9,80,3,"mazda glc",330,2.95361738361781,-1.03676141724403,-1.03388605069791,-1.02645732036657,0.849087013987013,-0.861700878202408
"331",27.9,4,156,105,2800,14.4,80,1,"dodge colt",331,0.561084434193135,-0.369602058979465,-0.00212800097754814,-0.211821577672917,-0.399415311008378,-0.861700878202408
"332",40.8,4,85,65,2110,19.2,80,3,"datsun 210",332,2.21154834048075,-1.04629226521924,-1.03388605069791,-1.02645732036657,1.3128164489853,-0.861700878202408
"333",44.3,4,90,48,2085,21.7,80,2,"vw rabbit c (diesel)",333,2.65934862513242,-0.998638025343196,-1.47238322182906,-1.05597310814532,2.20460382398201,-0.861700878202408
"334",43.4,4,90,48,2335,23.7,80,2,"vw dasher (diesel)",334,2.54419998050771,-0.998638025343196,-1.47238322182906,-0.760815230357768,2.91803372397938,-0.861700878202408
"335",36.4,5,121,67,2950,19.9,80,2,"audi 5000s (diesel)",335,1.64859941120435,-0.703181738111747,-0.982298148211892,-0.0347268510003841,1.56251691398438,-0.277643187801444
"336",30,4,146,67,3250,21.8,80,2,"mercedes-benz 240d",336,0.829764604984142,-0.464910538731546,-0.982298148211892,0.319462602344681,2.24027531898188,-0.861700878202408
"337",44.6,4,91,67,1850,13.8,80,3,"honda civic 1500 gl",337,2.69773150667399,-0.989107177367988,-0.982298148211892,-1.33342151326562,-0.613444281007588,-0.861700878202408
"338",40.9,4,85,NA,1835,17.3,80,2,"renault lecar deluxe",338,2.22434263432794,-1.04629226521924,NA,-1.35113098593288,0.635058043987804,-0.861700878202408
"339",33.8,4,97,67,2145,18,80,3,"subaru dl",339,1.31594777117739,-0.93192208951674,-0.982298148211892,-0.985135217476309,0.884758508986882,-0.861700878202408
"340",29.8,4,89,62,1845,15.3,80,2,"vokswagen rabbit",340,0.80417601728976,-1.0081688733184,-1.11126790442694,-1.33932467082137,-0.0783718560095629,-0.861700878202408
"341",32.7,6,168,132,2910,11.4,80,3,"datsun 280-zx",341,1.17521053885829,-0.255231883276969,0.694308682583696,-0.0819521114463928,-1.46956016100443,0.30641450259952
"342",23.7,3,70,100,2420,12.5,80,3,"mazda rx-7 gs",342,0.0237240926111226,-1.18925498484736,-0.131097757192593,-0.66046155191,-1.07717371600588,-1.44575856860337
"343",35,4,122,88,2500,15.1,80,2,"triumph tr7 coupe",343,1.46947929734368,-0.693650890136539,-0.440625172108702,-0.566011031017982,-0.1497148460093,-0.861700878202408
"344",23.6,4,140,NA,2905,14.3,80,1,"ford mustang cobra",344,0.0109297987639321,-0.522095626582794,NA,-0.0878552690021439,-0.435086806008246,-0.861700878202408
"345",32.4,4,107,72,2290,17,80,3,"honda accord",345,1.13682765731672,-0.836613609764659,-0.853328391996847,-0.813943648359528,0.528043558988199,-0.861700878202408
"346",27.2,4,135,84,2490,15.7,81,1,"plymouth reliant",346,0.4715243772628,-0.569749866458834,-0.543800977080738,-0.577817346129484,0.06431412398991,-0.861700878202408
"347",26.6,4,151,84,2635,16.4,81,1,"buick skylark",347,0.394758614179655,-0.417256298855505,-0.543800977080738,-0.406625777012703,0.314014588988988,-0.861700878202408
"348",25.8,4,156,92,2620,14.4,81,1,"dodge aries wagon (sw)",348,0.292404263402129,-0.369602058979465,-0.337449367136666,-0.424335249679956,-0.399415311008378,-0.861700878202408
"349",23.5,6,173,110,2725,12.6,81,1,"chevrolet citation",349,-0.00186449508325888,-0.207577643400929,0.126841755237497,-0.300368941009183,-1.04150222100601,0.30641450259952
"350",30,4,135,84,2385,12.9,81,1,"plymouth reliant",350,0.829764604984142,-0.569749866458834,-0.543800977080738,-0.701783654800257,-0.934487736006403,-0.861700878202408
"351",39.1,4,79,58,1755,16.9,81,3,"toyota starlet",351,1.9940453450785,-1.10347735307048,-1.21444370939897,-1.44558150682489,0.49237206398833,-0.861700878202408
"352",39,4,86,64,1875,16.4,81,1,"plymouth champ",352,1.98125105123131,-1.03676141724403,-1.05968000194092,-1.30390572548687,0.314014588988988,-0.861700878202408
"353",35.1,4,81,60,1760,16.1,81,3,"honda civic 1300",353,1.48227359119087,-1.08441565712007,-1.16285580691296,-1.43967834926914,0.207000103989384,-0.861700878202408
"354",32.3,4,97,67,2065,17.8,81,3,"subaru",354,1.12403336346953,-0.93192208951674,-0.982298148211892,-1.07958573836833,0.813415518987146,-0.861700878202408
"355",37,4,85,65,1975,19.4,81,3,"datsun 210 mpg",355,1.7253651742875,-1.04629226521924,-1.03388605069791,-1.18584257437185,1.38415943898504,-0.861700878202408
"356",37.7,4,89,62,2050,17.3,81,3,"toyota tercel",356,1.81492523121783,-1.0081688733184,-1.11126790442694,-1.09729521103558,0.635058043987804,-0.861700878202408
"357",34.1,4,91,68,1985,16,81,3,"mazda glc 4",357,1.35433065271896,-0.989107177367988,-0.956504196968883,-1.17403625926034,0.171328608989515,-0.861700878202408
"358",34.7,4,105,63,2215,14.9,81,1,"plymouth horizon 4",358,1.43109641580211,-0.855675305715075,-1.08547395318393,-0.902491011695794,-0.221057836009036,-0.861700878202408
"359",34.4,4,98,65,2045,16.2,81,1,"ford escort 4w",359,1.39271353426054,-0.922391241541532,-1.03388605069791,-1.10319836859133,0.242671598989252,-0.861700878202408
"360",29.9,4,98,65,2380,20.7,81,1,"ford escort 2h",360,0.816970311136951,-0.922391241541532,-1.03388605069791,-0.707686812356008,1.84788887398333,-0.861700878202408
"361",33,4,105,74,2190,14.2,81,2,"volkswagen jetta",361,1.21359342039986,-0.855675305715075,-0.801740489510829,-0.93200679947455,-0.470758301008115,-0.861700878202408
"362",34.5,4,100,NA,2320,15.8,81,2,"renault 18i",362,1.40550782810773,-0.903329545591115,NA,-0.778524703025021,0.0999856189897789,-0.861700878202408
"363",33.7,4,107,75,2210,14.4,81,3,"honda prelude",363,1.3031534773302,-0.836613609764659,-0.77594653826782,-0.908394169251545,-0.399415311008378,-0.861700878202408
"364",32.4,4,108,75,2350,16.8,81,3,"toyota corolla",364,1.13682765731672,-0.827082761789451,-0.77594653826782,-0.743105757690515,0.456700568988462,-0.861700878202408
"365",32.9,4,119,100,2615,14.8,81,3,"datsun 200sx",365,1.20079912655267,-0.722243434062163,-0.131097757192593,-0.430238407235707,-0.256729331008905,-0.861700878202408
"366",31.6,4,120,74,2635,18.3,81,3,"mazda 626",366,1.03447330653919,-0.712712586086955,-0.801740489510829,-0.406625777012703,0.991772993986488,-0.861700878202408
"367",28.1,4,141,80,3230,20.4,81,2,"peugeot 505s turbo diesel",367,0.586673021887517,-0.512564778607586,-0.646976782052775,0.295849972121677,1.74087438898372,-0.861700878202408
"368",NA,4,121,110,2800,15.4,81,2,"saab 900s",368,NA,-0.703181738111747,0.126841755237497,-0.211821577672917,-0.0427003610096947,-0.861700878202408
"369",30.7,6,145,76,3160,19.6,81,2,"volvo diesel",369,0.919324661914477,-0.474441386706754,-0.750152587024811,0.213205766341162,1.45550242898478,0.30641450259952
"370",25.4,6,168,116,2900,12.6,81,3,"toyota cressida",370,0.241227088013366,-0.255231883276969,0.281605462695552,-0.093758426557895,-1.04150222100601,0.30641450259952
"371",24.2,6,146,120,2930,13.8,81,3,"datsun 810 maxima",371,0.0876955618470765,-0.464910538731546,0.384781267667588,-0.0583394812233885,-0.613444281007588,0.30641450259952
"372",22.4,6,231,110,3415,15.8,81,1,"buick century",372,-0.142601727402358,0.345211539161138,0.126841755237497,0.514266801684467,0.0999856189897789,0.30641450259952
"373",26.6,8,350,105,3725,19,81,1,"oldsmobile cutlass ls",373,0.394758614179655,1.47938244821089,-0.00212800097754814,0.880262570141035,1.24147345898557,1.47452988340145
"374",20.2,6,200,88,3060,17.1,81,1,"ford granada gl",374,-0.424076192040555,0.0497552519296884,-0.440625172108702,0.0951426152261399,0.563715053988068,0.30641450259952
"375",17.6,6,225,85,3465,16.6,81,1,"chrysler lebaron salon",375,-0.756727832067514,0.288026451309889,-0.518007025837729,0.573298377241978,0.385357578988726,0.30641450259952
"376",28,4,112,88,2605,19.6,82,1,"chevrolet cavalier",376,0.573878728040326,-0.788959369888619,-0.440625172108702,-0.442044722347209,1.45550242898478,-0.861700878202408
"377",27,4,112,88,2640,18.6,82,1,"chevrolet cavalier wagon",377,0.445935789568418,-0.788959369888619,-0.440625172108702,-0.400722619456952,1.09878747898609,-0.861700878202408
"378",34,4,112,88,2395,18,82,1,"chevrolet cavalier 2-door",378,1.34153635887177,-0.788959369888619,-0.440625172108702,-0.689977339688755,0.884758508986882,-0.861700878202408
"379",31,4,112,85,2575,16.2,82,1,"pontiac j2000 se hatchback",379,0.957707543456049,-0.788959369888619,-0.518007025837729,-0.477463667681716,0.242671598989252,-0.861700878202408
"380",29,4,135,84,2525,16,82,1,"dodge aries se",380,0.701821666512234,-0.569749866458834,-0.543800977080738,-0.536495243239227,0.171328608989515,-0.861700878202408
"381",27,4,151,90,2735,18,82,1,"pontiac phoenix",381,0.445935789568418,-0.417256298855505,-0.389037269622684,-0.288562625897681,0.884758508986882,-0.861700878202408
"382",24,4,140,92,2865,16.4,82,1,"ford fairmont futura",382,0.062106974152695,-0.522095626582794,-0.337449367136666,-0.135080529448153,0.314014588988988,-0.861700878202408
"383",23,4,151,NA,3035,20.5,82,1,"amc concord dl",383,-0.0658359643192128,-0.417256298855505,NA,0.0656268274473844,1.77654588398359,-0.861700878202408
"384",36,4,105,74,1980,15.3,82,2,"volkswagen rabbit l",384,1.59742223581559,-0.855675305715075,-0.801740489510829,-1.1799394168161,-0.0783718560095629,-0.861700878202408
"385",37,4,91,68,2025,18.2,82,3,"mazda glc custom l",385,1.7253651742875,-0.989107177367988,-0.956504196968883,-1.12681099881434,0.956101498986619,-0.861700878202408
"386",31,4,91,68,1970,17.6,82,3,"mazda glc custom",386,0.957707543456049,-0.989107177367988,-0.956504196968883,-1.1917457319276,0.742072528987409,-0.861700878202408
"387",38,4,105,63,2125,14.7,82,1,"plymouth horizon miser",387,1.8533081127594,-0.855675305715075,-1.08547395318393,-1.00874784769931,-0.292400826008773,-0.861700878202408
"388",36,4,98,70,2125,17.3,82,1,"mercury lynx l",388,1.59742223581559,-0.922391241541532,-0.904916294482865,-1.00874784769931,0.635058043987804,-0.861700878202408
"389",36,4,120,88,2160,14.5,82,3,"nissan stanza xe",389,1.59742223581559,-0.712712586086955,-0.440625172108702,-0.967425744809056,-0.36374381600851,-0.861700878202408
"390",36,4,107,75,2205,14.5,82,3,"honda accord",390,1.59742223581559,-0.836613609764659,-0.77594653826782,-0.914297326807296,-0.36374381600851,-0.861700878202408
"391",34,4,108,70,2245,16.9,82,3,"toyota corolla",391,1.34153635887177,-0.827082761789451,-0.904916294482865,-0.867072066361288,0.49237206398833,-0.861700878202408
"392",38,4,91,67,1965,15,82,3,"honda civic",392,1.8533081127594,-0.989107177367988,-0.982298148211892,-1.19764888948335,-0.185386341009168,-0.861700878202408
"393",32,4,91,67,1965,15.7,82,3,"honda civic (auto)",393,1.08565048192796,-0.989107177367988,-0.982298148211892,-1.19764888948335,0.06431412398991,-0.861700878202408
"394",38,4,91,67,1995,16.2,82,3,"datsun 310 gx",394,1.8533081127594,-0.989107177367988,-0.982298148211892,-1.16222994414884,0.242671598989252,-0.861700878202408
"395",25,6,181,110,2945,16.4,82,1,"buick century limited",395,0.190049912624603,-0.131330859599264,0.126841755237497,-0.0406300085561352,0.314014588988988,0.30641450259952
"396",38,6,262,85,3015,17,82,1,"oldsmobile cutlass ciera (diesel)",396,1.8533081127594,0.640667826392587,-0.518007025837729,0.0420141972243801,0.528043558988199,0.30641450259952
"397",26,4,156,92,2585,14.5,82,1,"chrysler lebaron medallion",397,0.31799285109651,-0.369602058979465,-0.337449367136666,-0.465657352570214,-0.36374381600851,-0.861700878202408
"398",22,6,232,112,2835,14.7,82,1,"ford granada l",398,-0.193778902791121,0.354742387136346,0.178429657723515,-0.170499474782659,-0.292400826008773,0.30641450259952
"399",32,4,144,96,2665,13.9,82,3,"toyota celica gt",399,1.08565048192796,-0.483972234681962,-0.23427356216463,-0.371206831678196,-0.57777278600772,-0.861700878202408
"400",36,4,135,84,2370,13,82,1,"dodge charger 2.2",400,1.59742223581559,-0.569749866458834,-0.543800977080738,-0.71949312746751,-0.898816241006535,-0.861700878202408
"401",27,4,151,90,2950,17.3,82,1,"chevrolet camaro",401,0.445935789568418,-0.417256298855505,-0.389037269622684,-0.0347268510003841,0.635058043987804,-0.861700878202408
"402",27,4,140,86,2790,15.6,82,1,"ford mustang gl",402,0.445935789568418,-0.522095626582794,-0.49221307459472,-0.223627892784419,0.0286426289900418,-0.861700878202408
"403",44,4,97,52,2130,24.6,82,2,"vw pickup",403,2.62096574359085,-0.93192208951674,-1.36920741685703,-1.00284469014356,3.23907717897819,-0.861700878202408
"404",32,4,135,84,2295,11.6,82,1,"dodge rampage",404,1.08565048192796,-0.569749866458834,-0.543800977080738,-0.808040490803777,-1.39821717100469,-0.861700878202408
"405",28,4,120,79,2625,18.6,82,1,"ford ranger",405,0.573878728040326,-0.712712586086955,-0.672770733295784,-0.418432092124205,1.09878747898609,-0.861700878202408
"406",31,4,119,82,2720,19.4,82,1,"chevy s-10",406,0.957707543456049,-0.722243434062163,-0.595388879566756,-0.306272098564934,1.38415943898504,-0.861700878202408
